"","id1","id2","n","n_behave","n_scan","actor.obs","subject.obs","ave.obs","frequency"
"1","6814","6936",2,1,1,15.1666666666667,25.8333333333333,20.5,0.0975609756097561
"2","6814","7007",3,1,2,15.1666666666667,11,13.0833333333333,0.229299363057325
"3","6814","7010",4,1,3,15.1666666666667,25.1666666666667,20.1666666666667,0.198347107438017
"4","6814","7095",4,3,1,15.1666666666667,12.3333333333333,13.75,0.290909090909091
"5","6814","7198",3,2,1,15.1666666666667,7.16666666666667,11.1666666666667,0.26865671641791
"6","6818","6838",7,3,4,32.3333333333333,37.8333333333333,35.0833333333333,0.199524940617577
"7","6818","6901",2,1,1,32.3333333333333,35.6666666666667,34,0.0588235294117647
"8","6818","7059",1,1,0,32.3333333333333,24.8333333333333,28.5833333333333,0.0349854227405248
"9","6818","7115",9,3,6,32.3333333333333,40.5,36.4166666666667,0.247139588100686
"10","6818","7125",5,2,3,32.3333333333333,39.5,35.9166666666667,0.139211136890951
"11","6818","7166",6,3,3,32.3333333333333,35.8333333333333,34.0833333333333,0.176039119804401
"12","6819","6911",1,1,0,23.8333333333333,23.3333333333333,23.5833333333333,0.0424028268551237
"13","6819","7080",2,1,1,23.8333333333333,21.6666666666667,22.75,0.0879120879120879
"14","6819","7098",3,3,0,23.8333333333333,29.6666666666667,26.75,0.11214953271028
"15","6819","7102",4,1,3,23.8333333333333,22.1666666666667,23,0.173913043478261
"16","6819","7110",2,2,0,23.8333333333333,18.3333333333333,21.0833333333333,0.0948616600790514
"17","6819","7149",1,1,0,23.8333333333333,12.8333333333333,18.3333333333333,0.0545454545454545
"18","6819","7175",5,4,1,23.8333333333333,26.5,25.1666666666667,0.198675496688742
"19","6819","7192",1,1,0,23.8333333333333,24.6666666666667,24.25,0.0412371134020619
"20","6819","7197",7,4,3,23.8333333333333,23.6666666666667,23.75,0.294736842105263
"21","6819","7200",5,5,0,23.8333333333333,18.1666666666667,21,0.238095238095238
"22","6820","6819",1,1,0,23.8333333333333,23.8333333333333,23.8333333333333,0.041958041958042
"23","6820","6911",1,1,0,23.8333333333333,23.3333333333333,23.5833333333333,0.0424028268551237
"24","6820","6937",9,5,4,23.8333333333333,18.8333333333333,21.3333333333333,0.421875
"25","6820","7080",5,4,1,23.8333333333333,21.6666666666667,22.75,0.21978021978022
"26","6820","7083",1,1,0,23.8333333333333,18.1666666666667,21,0.0476190476190476
"27","6820","7084",6,4,2,23.8333333333333,21.8333333333333,22.8333333333333,0.262773722627737
"28","6820","7098",2,2,0,23.8333333333333,29.6666666666667,26.75,0.0747663551401869
"29","6820","7099",7,1,6,23.8333333333333,20,21.9166666666667,0.319391634980989
"30","6820","7114",6,4,2,23.8333333333333,21.6666666666667,22.75,0.263736263736264
"31","6820","7170",5,2,3,23.8333333333333,24.8333333333333,24.3333333333333,0.205479452054795
"32","6820","7192",4,3,1,23.8333333333333,24.6666666666667,24.25,0.164948453608247
"33","6820","7199",6,5,1,23.8333333333333,9.16666666666667,16.5,0.363636363636364
"34","6825","6818",3,3,0,27,32.3333333333333,29.6666666666667,0.101123595505618
"35","6825","6838",1,1,0,27,37.8333333333333,32.4166666666667,0.0308483290488432
"36","6825","7028",1,1,0,27,36,31.5,0.0317460317460317
"37","6825","7029",1,1,0,27,14.1666666666667,20.5833333333333,0.048582995951417
"38","6825","7072",8,3,5,27,39.6666666666667,33.3333333333333,0.24
"39","6825","7088",1,1,0,27,23.6666666666667,25.3333333333333,0.0394736842105263
"40","6825","7107",1,1,0,27,31,29,0.0344827586206897
"41","6825","7115",5,2,3,27,40.5,33.75,0.148148148148148
"42","6825","7166",1,1,0,27,35.8333333333333,31.4166666666667,0.0318302387267905
"43","6833","6818",5,3,2,43,32.3333333333333,37.6666666666667,0.132743362831858
"44","6833","6825",3,1,2,43,27,35,0.0857142857142857
"45","6833","6838",1,1,0,43,37.8333333333333,40.4166666666667,0.0247422680412371
"46","6833","6936",1,1,0,43,25.8333333333333,34.4166666666667,0.0290556900726392
"47","6833","6938",5,3,2,43,24,33.5,0.149253731343284
"48","6833","6993",1,1,0,43,27.1666666666667,35.0833333333333,0.0285035629453682
"49","6833","7010",1,1,0,43,25.1666666666667,34.0833333333333,0.0293398533007335
"50","6833","7027",1,1,0,43,26.5,34.75,0.0287769784172662
"51","6833","7072",13,4,9,43,39.6666666666667,41.3333333333333,0.314516129032258
"52","6833","7107",8,4,4,43,31,37,0.216216216216216
"53","6833","7115",9,4,5,43,40.5,41.75,0.215568862275449
"54","6833","7125",22,14,8,43,39.5,41.25,0.533333333333333
"55","6833","7135",2,1,1,43,22.8333333333333,32.9166666666667,0.0607594936708861
"56","6833","7166",6,1,5,43,35.8333333333333,39.4166666666667,0.152219873150106
"57","6833","7171",14,8,6,43,39.8333333333333,41.4166666666667,0.338028169014084
"58","6837","6995",4,2,2,11.5,22.1666666666667,16.8333333333333,0.237623762376238
"59","6837","7065",11,8,3,11.5,20,15.75,0.698412698412698
"60","6837","7132",3,1,2,11.5,24.8333333333333,18.1666666666667,0.165137614678899
"61","6837","7140",5,3,2,11.5,19.6666666666667,15.5833333333333,0.320855614973262
"62","6837","7141",6,4,2,11.5,21.8333333333333,16.6666666666667,0.36
"63","6838","6818",5,2,3,37.8333333333333,32.3333333333333,35.0833333333333,0.142517814726841
"64","6838","6833",3,3,0,37.8333333333333,43,40.4166666666667,0.0742268041237113
"65","6838","6901",11,7,4,37.8333333333333,35.6666666666667,36.75,0.299319727891156
"66","6838","7028",1,1,0,37.8333333333333,36,36.9166666666667,0.0270880361173815
"67","6838","7115",8,3,5,37.8333333333333,40.5,39.1666666666667,0.204255319148936
"68","6838","7125",8,5,3,37.8333333333333,39.5,38.6666666666667,0.206896551724138
"69","6838","7166",4,1,3,37.8333333333333,35.8333333333333,36.8333333333333,0.108597285067873
"70","6838","7193",1,1,0,37.8333333333333,25.6666666666667,31.75,0.031496062992126
"71","6846","6929",13,3,10,29,27.5,28.25,0.460176991150442
"72","6846","7010",1,1,0,29,25.1666666666667,27.0833333333333,0.0369230769230769
"73","6846","7053",12,7,5,29,28.5,28.75,0.417391304347826
"74","6846","7073",6,1,5,29,22.5,25.75,0.233009708737864
"75","6846","7088",6,1,5,29,23.6666666666667,26.3333333333333,0.227848101265823
"76","6846","7091",1,1,0,29,3.33333333333333,16.1666666666667,0.0618556701030928
"77","6846","7108",2,1,1,29,6.83333333333333,17.9166666666667,0.111627906976744
"78","6862","7016",6,5,1,10,14.1666666666667,12.0833333333333,0.496551724137931
"79","6862","7102",1,1,0,10,22.1666666666667,16.0833333333333,0.0621761658031088
"80","6862","7186",2,2,0,10,13.3333333333333,11.6666666666667,0.171428571428571
"81","6879","7032",4,2,2,7.33333333333333,6,6.66666666666667,0.6
"82","6879","7064",3,2,1,7.33333333333333,4.83333333333333,6.08333333333333,0.493150684931507
"83","6888","6911",3,3,0,24.5,23.3333333333333,23.9166666666667,0.125435540069686
"84","6888","7027",14,4,10,24.5,26.5,25.5,0.549019607843137
"85","6888","7033",6,4,2,24.5,32.5,28.5,0.210526315789474
"86","6888","7038",9,5,4,24.5,22.5,23.5,0.382978723404255
"87","6888","7102",1,1,0,24.5,22.1666666666667,23.3333333333333,0.0428571428571429
"88","6888","7167",7,3,4,24.5,24.1666666666667,24.3333333333333,0.287671232876712
"89","6888","7169",2,1,1,24.5,24.3333333333333,24.4166666666667,0.0819112627986348
"90","6901","6818",6,4,2,35.6666666666667,32.3333333333333,34,0.176470588235294
"91","6901","6825",1,1,0,35.6666666666667,27,31.3333333333333,0.0319148936170213
"92","6901","6838",9,2,7,35.6666666666667,37.8333333333333,36.75,0.244897959183673
"93","6901","7072",1,1,0,35.6666666666667,39.6666666666667,37.6666666666667,0.0265486725663717
"94","6901","7115",8,1,7,35.6666666666667,40.5,38.0833333333333,0.210065645514223
"95","6901","7125",4,3,1,35.6666666666667,39.5,37.5833333333333,0.106430155210643
"96","6905","7007",4,3,1,8.5,11,9.75,0.41025641025641
"97","6905","7130",3,1,2,8.5,8.66666666666667,8.58333333333333,0.349514563106796
"98","6905","7199",1,1,0,8.5,9.16666666666667,8.83333333333333,0.113207547169811
"99","6911","6888",5,3,2,23.3333333333333,24.5,23.9166666666667,0.209059233449477
"100","6911","6995",1,1,0,23.3333333333333,22.1666666666667,22.75,0.043956043956044
"101","6911","7027",3,3,0,23.3333333333333,26.5,24.9166666666667,0.120401337792642
"102","6911","7033",3,2,1,23.3333333333333,32.5,27.9166666666667,0.107462686567164
"103","6911","7038",2,2,0,23.3333333333333,22.5,22.9166666666667,0.0872727272727273
"104","6911","7045",4,3,1,23.3333333333333,18.8333333333333,21.0833333333333,0.189723320158103
"105","6911","7100",3,2,1,23.3333333333333,16.3333333333333,19.8333333333333,0.151260504201681
"106","6929","6846",13,4,9,27.5,29,28.25,0.460176991150442
"107","6929","7053",8,4,4,27.5,28.5,28,0.285714285714286
"108","6929","7073",7,4,3,27.5,22.5,25,0.28
"109","6936","6814",4,1,3,25.8333333333333,15.1666666666667,20.5,0.195121951219512
"110","6936","6938",1,1,0,25.8333333333333,24,24.9166666666667,0.040133779264214
"111","6936","7010",7,5,2,25.8333333333333,25.1666666666667,25.5,0.274509803921569
"112","6936","7136",2,1,1,25.8333333333333,29.1666666666667,27.5,0.0727272727272727
"113","6937","6819",2,1,1,18.8333333333333,23.8333333333333,21.3333333333333,0.09375
"114","6937","6820",3,3,0,18.8333333333333,23.8333333333333,21.3333333333333,0.140625
"115","6937","7080",9,7,2,18.8333333333333,21.6666666666667,20.25,0.444444444444444
"116","6937","7083",4,3,1,18.8333333333333,18.1666666666667,18.5,0.216216216216216
"117","6937","7084",5,4,1,18.8333333333333,21.8333333333333,20.3333333333333,0.245901639344262
"118","6937","7098",2,1,1,18.8333333333333,29.6666666666667,24.25,0.0824742268041237
"119","6937","7099",2,2,0,18.8333333333333,20,19.4166666666667,0.103004291845494
"120","6937","7114",5,3,2,18.8333333333333,21.6666666666667,20.25,0.246913580246914
"121","6937","7149",3,2,1,18.8333333333333,12.8333333333333,15.8333333333333,0.189473684210526
"122","6937","7170",4,1,3,18.8333333333333,24.8333333333333,21.8333333333333,0.183206106870229
"123","6937","7192",7,5,2,18.8333333333333,24.6666666666667,21.75,0.32183908045977
"124","6937","7199",1,1,0,18.8333333333333,9.16666666666667,14,0.0714285714285714
"125","6938","6833",4,4,0,24,43,33.5,0.119402985074627
"126","6938","7029",6,4,2,24,14.1666666666667,19.0833333333333,0.314410480349345
"127","6938","7031",2,1,1,24,12.6666666666667,18.3333333333333,0.109090909090909
"128","6938","7055",11,9,2,24,28.6666666666667,26.3333333333333,0.417721518987342
"129","6938","7115",1,1,0,24,40.5,32.25,0.0310077519379845
"130","6938","7166",5,3,2,24,35.8333333333333,29.9166666666667,0.167130919220056
"131","6938","7171",2,2,0,24,39.8333333333333,31.9166666666667,0.0626631853785901
"132","6938","7191",6,4,2,24,7.66666666666667,15.8333333333333,0.378947368421053
"133","6938","7193",2,1,1,24,25.6666666666667,24.8333333333333,0.0805369127516778
"134","6938","7202",2,2,0,24,5.5,14.75,0.135593220338983
"135","6993","6833",3,2,1,27.1666666666667,43,35.0833333333333,0.0855106888361045
"136","6993","7055",4,2,2,27.1666666666667,28.6666666666667,27.9166666666667,0.143283582089552
"137","6993","7059",4,3,1,27.1666666666667,24.8333333333333,26,0.153846153846154
"138","6993","7060",4,4,0,27.1666666666667,24.8333333333333,26,0.153846153846154
"139","6993","7107",3,2,1,27.1666666666667,31,29.0833333333333,0.103151862464183
"140","6993","7135",4,1,3,27.1666666666667,22.8333333333333,25,0.16
"141","6993","7193",3,1,2,27.1666666666667,25.6666666666667,26.4166666666667,0.113564668769716
"142","6995","6837",4,3,1,22.1666666666667,11.5,16.8333333333333,0.237623762376238
"143","6995","6911",1,1,0,22.1666666666667,23.3333333333333,22.75,0.043956043956044
"144","6995","7065",4,3,1,22.1666666666667,20,21.0833333333333,0.189723320158103
"145","6995","7132",1,1,0,22.1666666666667,24.8333333333333,23.5,0.0425531914893617
"146","6995","7140",3,3,0,22.1666666666667,19.6666666666667,20.9166666666667,0.143426294820717
"147","6995","7141",4,1,3,22.1666666666667,21.8333333333333,22,0.181818181818182
"148","6995","7169",1,1,0,22.1666666666667,24.3333333333333,23.25,0.043010752688172
"149","7007","6936",1,1,0,11,25.8333333333333,18.4166666666667,0.0542986425339367
"150","7007","7130",1,1,0,11,8.66666666666667,9.83333333333333,0.101694915254237
"151","7010","6814",7,3,4,25.1666666666667,15.1666666666667,20.1666666666667,0.347107438016529
"152","7010","6833",2,1,1,25.1666666666667,43,34.0833333333333,0.058679706601467
"153","7010","6936",10,4,6,25.1666666666667,25.8333333333333,25.5,0.392156862745098
"154","7010","7095",7,3,4,25.1666666666667,12.3333333333333,18.75,0.373333333333333
"155","7010","7130",1,1,0,25.1666666666667,8.66666666666667,16.9166666666667,0.0591133004926108
"156","7016","6862",7,6,1,14.1666666666667,10,12.0833333333333,0.579310344827586
"157","7016","7100",1,1,0,14.1666666666667,16.3333333333333,15.25,0.0655737704918033
"158","7016","7186",4,2,2,14.1666666666667,13.3333333333333,13.75,0.290909090909091
"159","7021","7073",4,1,3,29,22.5,25.75,0.155339805825243
"160","7021","7078",2,1,1,29,22,25.5,0.0784313725490196
"161","7021","7103",6,4,2,29,24.5,26.75,0.224299065420561
"162","7021","7136",6,4,2,29,29.1666666666667,29.0833333333333,0.206303724928367
"163","7021","7194",2,2,0,29,27.1666666666667,28.0833333333333,0.0712166172106825
"164","7027","6888",13,9,4,26.5,24.5,25.5,0.509803921568627
"165","7027","6911",4,3,1,26.5,23.3333333333333,24.9166666666667,0.160535117056856
"166","7027","7033",4,2,2,26.5,32.5,29.5,0.135593220338983
"167","7027","7038",10,5,5,26.5,22.5,24.5,0.408163265306122
"168","7027","7056",1,1,0,26.5,8.16666666666667,17.3333333333333,0.0576923076923077
"169","7027","7079",4,1,3,26.5,29.8333333333333,28.1666666666667,0.142011834319527
"170","7027","7167",8,3,5,26.5,24.1666666666667,25.3333333333333,0.315789473684211
"171","7027","7169",4,1,3,26.5,24.3333333333333,25.4166666666667,0.157377049180328
"172","7027","7171",1,1,0,26.5,39.8333333333333,33.1666666666667,0.0301507537688442
"173","7028","6818",2,2,0,36,32.3333333333333,34.1666666666667,0.0585365853658536
"174","7028","6825",2,2,0,36,27,31.5,0.0634920634920635
"175","7028","6993",5,2,3,36,27.1666666666667,31.5833333333333,0.158311345646438
"176","7028","7038",1,1,0,36,22.5,29.25,0.0341880341880342
"177","7028","7055",1,1,0,36,28.6666666666667,32.3333333333333,0.0309278350515464
"178","7028","7056",1,1,0,36,8.16666666666667,22.0833333333333,0.0452830188679245
"179","7028","7059",9,7,2,36,24.8333333333333,30.4166666666667,0.295890410958904
"180","7028","7060",3,1,2,36,24.8333333333333,30.4166666666667,0.0986301369863014
"181","7028","7079",1,1,0,36,29.8333333333333,32.9166666666667,0.030379746835443
"182","7028","7107",7,2,5,36,31,33.5,0.208955223880597
"183","7028","7115",2,1,1,36,40.5,38.25,0.0522875816993464
"184","7028","7125",3,3,0,36,39.5,37.75,0.0794701986754967
"185","7028","7135",9,5,4,36,22.8333333333333,29.4166666666667,0.305949008498584
"186","7028","7167",1,1,0,36,24.1666666666667,30.0833333333333,0.0332409972299169
"187","7028","7171",4,2,2,36,39.8333333333333,37.9166666666667,0.105494505494505
"188","7029","6911",1,1,0,14.1666666666667,23.3333333333333,18.75,0.0533333333333333
"189","7029","6938",4,3,1,14.1666666666667,24,19.0833333333333,0.209606986899563
"190","7029","7031",5,4,1,14.1666666666667,12.6666666666667,13.4166666666667,0.372670807453416
"191","7029","7055",3,3,0,14.1666666666667,28.6666666666667,21.4166666666667,0.140077821011673
"192","7029","7056",7,6,1,14.1666666666667,8.16666666666667,11.1666666666667,0.626865671641791
"193","7029","7169",1,1,0,14.1666666666667,24.3333333333333,19.25,0.051948051948052
"194","7029","7191",1,1,0,14.1666666666667,7.66666666666667,10.9166666666667,0.0916030534351145
"195","7029","7193",6,6,0,14.1666666666667,25.6666666666667,19.9166666666667,0.301255230125523
"196","7029","7202",2,2,0,14.1666666666667,5.5,9.83333333333333,0.203389830508475
"197","7031","6846",1,1,0,12.6666666666667,29,20.8333333333333,0.048
"198","7031","6936",1,1,0,12.6666666666667,25.8333333333333,19.25,0.051948051948052
"199","7031","6938",4,1,3,12.6666666666667,24,18.3333333333333,0.218181818181818
"200","7031","7055",1,1,0,12.6666666666667,28.6666666666667,20.6666666666667,0.0483870967741935
"201","7031","7056",1,1,0,12.6666666666667,8.16666666666667,10.4166666666667,0.096
"202","7031","7191",3,1,2,12.6666666666667,7.66666666666667,10.1666666666667,0.295081967213115
"203","7031","7193",2,1,1,12.6666666666667,25.6666666666667,19.1666666666667,0.104347826086957
"204","7031","7202",2,1,1,12.6666666666667,5.5,9.08333333333333,0.220183486238532
"205","7032","6879",4,2,2,6,7.33333333333333,6.66666666666667,0.6
"206","7032","7064",11,4,7,6,4.83333333333333,5.41666666666667,2.03076923076923
"207","7033","6888",3,1,2,32.5,24.5,28.5,0.105263157894737
"208","7033","6911",5,5,0,32.5,23.3333333333333,27.9166666666667,0.17910447761194
"209","7033","7027",9,4,5,32.5,26.5,29.5,0.305084745762712
"210","7033","7079",3,2,1,32.5,29.8333333333333,31.1666666666667,0.0962566844919786
"211","7033","7167",4,1,3,32.5,24.1666666666667,28.3333333333333,0.141176470588235
"212","7033","7169",6,2,4,32.5,24.3333333333333,28.4166666666667,0.211143695014663
"213","7038","6888",11,7,4,22.5,24.5,23.5,0.468085106382979
"214","7038","6911",5,4,1,22.5,23.3333333333333,22.9166666666667,0.218181818181818
"215","7038","7027",11,5,6,22.5,26.5,24.5,0.448979591836735
"216","7038","7047",1,1,0,22.5,2.83333333333333,12.6666666666667,0.0789473684210526
"217","7038","7079",1,1,0,22.5,29.8333333333333,26.1666666666667,0.0382165605095541
"218","7038","7169",5,2,3,22.5,24.3333333333333,23.4166666666667,0.213523131672598
"219","7038","7171",1,1,0,22.5,39.8333333333333,31.1666666666667,0.0320855614973262
"220","7040","6911",1,1,0,36,23.3333333333333,29.6666666666667,0.0337078651685393
"221","7040","7083",1,1,0,36,18.1666666666667,27.0833333333333,0.0369230769230769
"222","7040","7117",15,7,8,36,32.6666666666667,34.3333333333333,0.436893203883495
"223","7040","7138",16,11,5,36,31.8333333333333,33.9166666666667,0.471744471744472
"224","7040","7167",1,1,0,36,24.1666666666667,30.0833333333333,0.0332409972299169
"225","7040","7183",8,5,3,36,34.8333333333333,35.4166666666667,0.225882352941176
"226","7040","7197",1,1,0,36,23.6666666666667,29.8333333333333,0.0335195530726257
"227","7045","6888",1,1,0,18.8333333333333,24.5,21.6666666666667,0.0461538461538462
"228","7045","6911",5,3,2,18.8333333333333,23.3333333333333,21.0833333333333,0.237154150197628
"229","7045","7099",1,1,0,18.8333333333333,20,19.4166666666667,0.0515021459227468
"230","7045","7100",17,14,3,18.8333333333333,16.3333333333333,17.5833333333333,0.966824644549763
"231","7047","7032",1,1,0,2.83333333333333,6,4.41666666666667,0.226415094339623
"232","7047","7064",2,1,1,2.83333333333333,4.83333333333333,3.83333333333333,0.521739130434783
"233","7053","6846",9,3,6,28.5,29,28.75,0.31304347826087
"234","7053","6929",8,2,6,28.5,27.5,28,0.285714285714286
"235","7053","6936",1,1,0,28.5,25.8333333333333,27.1666666666667,0.0368098159509202
"236","7053","7010",1,1,0,28.5,25.1666666666667,26.8333333333333,0.0372670807453416
"237","7053","7040",1,1,0,28.5,36,32.25,0.0310077519379845
"238","7053","7073",11,4,7,28.5,22.5,25.5,0.431372549019608
"239","7053","7088",9,4,5,28.5,23.6666666666667,26.0833333333333,0.345047923322684
"240","7053","7136",1,1,0,28.5,29.1666666666667,28.8333333333333,0.0346820809248555
"241","7053","7183",3,2,1,28.5,34.8333333333333,31.6666666666667,0.0947368421052632
"242","7055","6833",3,3,0,28.6666666666667,43,35.8333333333333,0.0837209302325581
"243","7055","6938",6,5,1,28.6666666666667,24,26.3333333333333,0.227848101265823
"244","7055","6993",3,3,0,28.6666666666667,27.1666666666667,27.9166666666667,0.107462686567164
"245","7055","7029",6,4,2,28.6666666666667,14.1666666666667,21.4166666666667,0.280155642023346
"246","7055","7031",2,2,0,28.6666666666667,12.6666666666667,20.6666666666667,0.0967741935483871
"247","7055","7056",7,4,3,28.6666666666667,8.16666666666667,18.4166666666667,0.380090497737557
"248","7055","7059",4,2,2,28.6666666666667,24.8333333333333,26.75,0.149532710280374
"249","7055","7060",1,1,0,28.6666666666667,24.8333333333333,26.75,0.0373831775700935
"250","7055","7167",2,2,0,28.6666666666667,24.1666666666667,26.4166666666667,0.0757097791798107
"251","7055","7191",2,2,0,28.6666666666667,7.66666666666667,18.1666666666667,0.110091743119266
"252","7055","7193",5,2,3,28.6666666666667,25.6666666666667,27.1666666666667,0.184049079754601
"253","7056","6938",4,4,0,8.16666666666667,24,16.0833333333333,0.248704663212435
"254","7056","7029",2,1,1,8.16666666666667,14.1666666666667,11.1666666666667,0.17910447761194
"255","7056","7031",1,1,0,8.16666666666667,12.6666666666667,10.4166666666667,0.096
"256","7056","7055",5,4,1,8.16666666666667,28.6666666666667,18.4166666666667,0.271493212669683
"257","7056","7064",1,1,0,8.16666666666667,4.83333333333333,6.5,0.153846153846154
"258","7056","7095",1,1,0,8.16666666666667,12.3333333333333,10.25,0.0975609756097561
"259","7056","7191",3,1,2,8.16666666666667,7.66666666666667,7.91666666666667,0.378947368421053
"260","7056","7193",4,3,1,8.16666666666667,25.6666666666667,16.9166666666667,0.236453201970443
"261","7059","6833",1,1,0,24.8333333333333,43,33.9166666666667,0.0294840294840295
"262","7059","6838",2,2,0,24.8333333333333,37.8333333333333,31.3333333333333,0.0638297872340425
"263","7059","6901",6,5,1,24.8333333333333,35.6666666666667,30.25,0.198347107438017
"264","7059","6993",7,4,3,24.8333333333333,27.1666666666667,26,0.269230769230769
"265","7059","7028",7,3,4,24.8333333333333,36,30.4166666666667,0.23013698630137
"266","7059","7053",1,1,0,24.8333333333333,28.5,26.6666666666667,0.0375
"267","7059","7055",1,1,0,24.8333333333333,28.6666666666667,26.75,0.0373831775700935
"268","7059","7060",1,1,0,24.8333333333333,24.8333333333333,24.8333333333333,0.0402684563758389
"269","7059","7107",4,2,2,24.8333333333333,31,27.9166666666667,0.143283582089552
"270","7059","7171",6,4,2,24.8333333333333,39.8333333333333,32.3333333333333,0.185567010309278
"271","7059","7200",1,1,0,24.8333333333333,18.1666666666667,21.5,0.0465116279069767
"272","7060","6833",1,1,0,24.8333333333333,43,33.9166666666667,0.0294840294840295
"273","7060","6879",1,1,0,24.8333333333333,7.33333333333333,16.0833333333333,0.0621761658031088
"274","7060","6993",4,4,0,24.8333333333333,27.1666666666667,26,0.153846153846154
"275","7060","7055",2,1,1,24.8333333333333,28.6666666666667,26.75,0.0747663551401869
"276","7060","7059",3,1,2,24.8333333333333,24.8333333333333,24.8333333333333,0.120805369127517
"277","7060","7107",3,1,2,24.8333333333333,31,27.9166666666667,0.107462686567164
"278","7060","7135",6,3,3,24.8333333333333,22.8333333333333,23.8333333333333,0.251748251748252
"279","7064","6879",4,2,2,4.83333333333333,7.33333333333333,6.08333333333333,0.657534246575343
"280","7064","7025",1,1,0,4.83333333333333,0.833333333333333,2.83333333333333,0.352941176470588
"281","7064","7032",10,6,4,4.83333333333333,6,5.41666666666667,1.84615384615385
"282","7064","7047",2,1,1,4.83333333333333,2.83333333333333,3.83333333333333,0.521739130434783
"283","7065","6837",16,9,7,20,11.5,15.75,1.01587301587302
"284","7065","6995",4,2,2,20,22.1666666666667,21.0833333333333,0.189723320158103
"285","7065","7132",7,2,5,20,24.8333333333333,22.4166666666667,0.312267657992565
"286","7065","7140",10,7,3,20,19.6666666666667,19.8333333333333,0.504201680672269
"287","7065","7141",6,4,2,20,21.8333333333333,20.9166666666667,0.286852589641434
"288","7072","6818",2,1,1,39.6666666666667,32.3333333333333,36,0.0555555555555556
"289","7072","6825",3,2,1,39.6666666666667,27,33.3333333333333,0.09
"290","7072","6833",16,6,10,39.6666666666667,43,41.3333333333333,0.387096774193548
"291","7072","6838",1,1,0,39.6666666666667,37.8333333333333,38.75,0.0258064516129032
"292","7072","6938",2,1,1,39.6666666666667,24,31.8333333333333,0.06282722513089
"293","7072","7028",3,2,1,39.6666666666667,36,37.8333333333333,0.079295154185022
"294","7072","7115",8,1,7,39.6666666666667,40.5,40.0833333333333,0.1995841995842
"295","7072","7125",5,1,4,39.6666666666667,39.5,39.5833333333333,0.126315789473684
"296","7072","7135",4,2,2,39.6666666666667,22.8333333333333,31.25,0.128
"297","7072","7166",10,5,5,39.6666666666667,35.8333333333333,37.75,0.264900662251656
"298","7072","7171",4,1,3,39.6666666666667,39.8333333333333,39.75,0.10062893081761
"299","7073","6929",7,2,5,22.5,27.5,25,0.28
"300","7073","7021",2,2,0,22.5,29,25.75,0.0776699029126214
"301","7073","7053",9,1,8,22.5,28.5,25.5,0.352941176470588
"302","7073","7078",3,2,1,22.5,22,22.25,0.134831460674157
"303","7073","7103",3,1,2,22.5,24.5,23.5,0.127659574468085
"304","7073","7136",1,1,0,22.5,29.1666666666667,25.8333333333333,0.0387096774193548
"305","7073","7194",2,2,0,22.5,27.1666666666667,24.8333333333333,0.0805369127516778
"306","7078","6820",3,2,1,22,23.8333333333333,22.9166666666667,0.130909090909091
"307","7078","6937",2,2,0,22,18.8333333333333,20.4166666666667,0.0979591836734694
"308","7078","7010",1,1,0,22,25.1666666666667,23.5833333333333,0.0424028268551237
"309","7078","7021",7,3,4,22,29,25.5,0.274509803921569
"310","7078","7083",1,1,0,22,18.1666666666667,20.0833333333333,0.0497925311203319
"311","7078","7103",7,5,2,22,24.5,23.25,0.301075268817204
"312","7078","7135",1,1,0,22,22.8333333333333,22.4166666666667,0.0446096654275093
"313","7078","7136",4,2,2,22,29.1666666666667,25.5833333333333,0.156351791530945
"314","7078","7141",1,1,0,22,21.8333333333333,21.9166666666667,0.0456273764258555
"315","7078","7170",1,1,0,22,24.8333333333333,23.4166666666667,0.0427046263345196
"316","7078","7175",1,1,0,22,26.5,24.25,0.0412371134020619
"317","7078","7194",9,3,6,22,27.1666666666667,24.5833333333333,0.366101694915254
"318","7079","6888",5,3,2,29.8333333333333,24.5,27.1666666666667,0.184049079754601
"319","7079","6911",3,1,2,29.8333333333333,23.3333333333333,26.5833333333333,0.112852664576803
"320","7079","7027",7,3,4,29.8333333333333,26.5,28.1666666666667,0.248520710059172
"321","7079","7038",4,1,3,29.8333333333333,22.5,26.1666666666667,0.152866242038217
"322","7079","7040",1,1,0,29.8333333333333,36,32.9166666666667,0.030379746835443
"323","7079","7045",2,1,1,29.8333333333333,18.8333333333333,24.3333333333333,0.0821917808219178
"324","7079","7064",1,1,0,29.8333333333333,4.83333333333333,17.3333333333333,0.0576923076923077
"325","7079","7085",1,1,0,29.8333333333333,21.1666666666667,25.5,0.0392156862745098
"326","7079","7100",3,3,0,29.8333333333333,16.3333333333333,23.0833333333333,0.129963898916968
"327","7079","7102",1,1,0,29.8333333333333,22.1666666666667,26,0.0384615384615385
"328","7079","7135",1,1,0,29.8333333333333,22.8333333333333,26.3333333333333,0.0379746835443038
"329","7079","7167",9,7,2,29.8333333333333,24.1666666666667,27,0.333333333333333
"330","7079","7169",4,2,2,29.8333333333333,24.3333333333333,27.0833333333333,0.147692307692308
"331","7079","7197",1,1,0,29.8333333333333,23.6666666666667,26.75,0.0373831775700935
"332","7080","6820",5,3,2,21.6666666666667,23.8333333333333,22.75,0.21978021978022
"333","7080","6937",3,3,0,21.6666666666667,18.8333333333333,20.25,0.148148148148148
"334","7080","7031",1,1,0,21.6666666666667,12.6666666666667,17.1666666666667,0.058252427184466
"335","7080","7083",4,3,1,21.6666666666667,18.1666666666667,19.9166666666667,0.200836820083682
"336","7080","7084",4,4,0,21.6666666666667,21.8333333333333,21.75,0.183908045977011
"337","7080","7099",3,2,1,21.6666666666667,20,20.8333333333333,0.144
"338","7080","7110",1,1,0,21.6666666666667,18.3333333333333,20,0.05
"339","7080","7114",4,3,1,21.6666666666667,21.6666666666667,21.6666666666667,0.184615384615385
"340","7080","7136",1,1,0,21.6666666666667,29.1666666666667,25.4166666666667,0.039344262295082
"341","7080","7149",1,1,0,21.6666666666667,12.8333333333333,17.25,0.0579710144927536
"342","7080","7170",2,1,1,21.6666666666667,24.8333333333333,23.25,0.0860215053763441
"343","7080","7175",2,1,1,21.6666666666667,26.5,24.0833333333333,0.0830449826989619
"344","7080","7192",3,1,2,21.6666666666667,24.6666666666667,23.1666666666667,0.129496402877698
"345","7080","7199",3,2,1,21.6666666666667,9.16666666666667,15.4166666666667,0.194594594594595
"346","7080","7200",1,1,0,21.6666666666667,18.1666666666667,19.9166666666667,0.0502092050209205
"347","7083","6819",2,2,0,18.1666666666667,23.8333333333333,21,0.0952380952380952
"348","7083","6820",2,1,1,18.1666666666667,23.8333333333333,21,0.0952380952380952
"349","7083","6937",7,6,1,18.1666666666667,18.8333333333333,18.5,0.378378378378378
"350","7083","7007",1,1,0,18.1666666666667,11,14.5833333333333,0.0685714285714286
"351","7083","7033",1,1,0,18.1666666666667,32.5,25.3333333333333,0.0394736842105263
"352","7083","7080",3,1,2,18.1666666666667,21.6666666666667,19.9166666666667,0.150627615062762
"353","7083","7098",2,2,0,18.1666666666667,29.6666666666667,23.9166666666667,0.0836236933797909
"354","7083","7114",1,1,0,18.1666666666667,21.6666666666667,19.9166666666667,0.0502092050209205
"355","7083","7138",1,1,0,18.1666666666667,31.8333333333333,25,0.04
"356","7083","7170",2,1,1,18.1666666666667,24.8333333333333,21.5,0.0930232558139535
"357","7083","7175",2,1,1,18.1666666666667,26.5,22.3333333333333,0.0895522388059701
"358","7083","7192",4,3,1,18.1666666666667,24.6666666666667,21.4166666666667,0.186770428015564
"359","7083","7200",1,1,0,18.1666666666667,18.1666666666667,18.1666666666667,0.055045871559633
"360","7084","6820",5,4,1,21.8333333333333,23.8333333333333,22.8333333333333,0.218978102189781
"361","7084","6937",3,1,2,21.8333333333333,18.8333333333333,20.3333333333333,0.147540983606557
"362","7084","7080",7,6,1,21.8333333333333,21.6666666666667,21.75,0.32183908045977
"363","7084","7083",4,1,3,21.8333333333333,18.1666666666667,20,0.2
"364","7084","7098",2,1,1,21.8333333333333,29.6666666666667,25.75,0.0776699029126214
"365","7084","7099",5,4,1,21.8333333333333,20,20.9166666666667,0.239043824701195
"366","7084","7114",5,4,1,21.8333333333333,21.6666666666667,21.75,0.229885057471264
"367","7084","7149",2,1,1,21.8333333333333,12.8333333333333,17.3333333333333,0.115384615384615
"368","7084","7170",5,1,4,21.8333333333333,24.8333333333333,23.3333333333333,0.214285714285714
"369","7084","7192",3,1,2,21.8333333333333,24.6666666666667,23.25,0.129032258064516
"370","7084","7199",1,1,0,21.8333333333333,9.16666666666667,15.5,0.0645161290322581
"371","7085","6995",1,1,0,21.1666666666667,22.1666666666667,21.6666666666667,0.0461538461538461
"372","7085","7100",1,1,0,21.1666666666667,16.3333333333333,18.75,0.0533333333333333
"373","7085","7141",1,1,0,21.1666666666667,21.8333333333333,21.5,0.0465116279069767
"374","7088","6846",3,1,2,23.6666666666667,29,26.3333333333333,0.113924050632911
"375","7088","6929",5,2,3,23.6666666666667,27.5,25.5833333333333,0.195439739413681
"376","7088","7028",2,1,1,23.6666666666667,36,29.8333333333333,0.0670391061452514
"377","7088","7053",6,3,3,23.6666666666667,28.5,26.0833333333333,0.230031948881789
"378","7088","7091",2,2,0,23.6666666666667,3.33333333333333,13.5,0.148148148148148
"379","7091","6862",1,1,0,3.33333333333333,10,6.66666666666667,0.15
"380","7091","7053",2,2,0,3.33333333333333,28.5,15.9166666666667,0.12565445026178
"381","7095","6825",1,1,0,12.3333333333333,27,19.6666666666667,0.0508474576271186
"382","7095","6936",4,2,2,12.3333333333333,25.8333333333333,19.0833333333333,0.209606986899563
"383","7095","7007",2,1,1,12.3333333333333,11,11.6666666666667,0.171428571428571
"384","7095","7010",3,2,1,12.3333333333333,25.1666666666667,18.75,0.16
"385","7095","7078",1,1,0,12.3333333333333,22,17.1666666666667,0.058252427184466
"386","7098","6820",1,1,0,29.6666666666667,23.8333333333333,26.75,0.0373831775700935
"387","7098","7016",1,1,0,29.6666666666667,14.1666666666667,21.9166666666667,0.0456273764258555
"388","7098","7045",1,1,0,29.6666666666667,18.8333333333333,24.25,0.0412371134020619
"389","7098","7080",1,1,0,29.6666666666667,21.6666666666667,25.6666666666667,0.038961038961039
"390","7098","7083",5,3,2,29.6666666666667,18.1666666666667,23.9166666666667,0.209059233449477
"391","7098","7084",2,1,1,29.6666666666667,21.8333333333333,25.75,0.0776699029126214
"392","7098","7099",2,2,0,29.6666666666667,20,24.8333333333333,0.0805369127516778
"393","7098","7102",6,6,0,29.6666666666667,22.1666666666667,25.9166666666667,0.231511254019293
"394","7098","7110",3,3,0,29.6666666666667,18.3333333333333,24,0.125
"395","7098","7114",3,3,0,29.6666666666667,21.6666666666667,25.6666666666667,0.116883116883117
"396","7098","7138",1,1,0,29.6666666666667,31.8333333333333,30.75,0.032520325203252
"397","7098","7149",1,1,0,29.6666666666667,12.8333333333333,21.25,0.0470588235294118
"398","7098","7170",1,1,0,29.6666666666667,24.8333333333333,27.25,0.036697247706422
"399","7098","7175",5,4,1,29.6666666666667,26.5,28.0833333333333,0.178041543026706
"400","7098","7192",7,4,3,29.6666666666667,24.6666666666667,27.1666666666667,0.257668711656442
"401","7098","7197",4,3,1,29.6666666666667,23.6666666666667,26.6666666666667,0.15
"402","7098","7200",3,2,1,29.6666666666667,18.1666666666667,23.9166666666667,0.125435540069686
"403","7099","6819",1,1,0,20,23.8333333333333,21.9166666666667,0.0456273764258555
"404","7099","6820",6,5,1,20,23.8333333333333,21.9166666666667,0.273764258555133
"405","7099","6937",2,2,0,20,18.8333333333333,19.4166666666667,0.103004291845494
"406","7099","7080",3,2,1,20,21.6666666666667,20.8333333333333,0.144
"407","7099","7084",3,3,0,20,21.8333333333333,20.9166666666667,0.143426294820717
"408","7099","7098",1,1,0,20,29.6666666666667,24.8333333333333,0.0402684563758389
"409","7099","7114",6,5,1,20,21.6666666666667,20.8333333333333,0.288
"410","7099","7199",1,1,0,20,9.16666666666667,14.5833333333333,0.0685714285714286
"411","7100","6911",6,5,1,16.3333333333333,23.3333333333333,19.8333333333333,0.302521008403361
"412","7100","7016",1,1,0,16.3333333333333,14.1666666666667,15.25,0.0655737704918033
"413","7100","7045",8,7,1,16.3333333333333,18.8333333333333,17.5833333333333,0.454976303317536
"414","7100","7085",1,1,0,16.3333333333333,21.1666666666667,18.75,0.0533333333333333
"415","7100","7186",1,1,0,16.3333333333333,13.3333333333333,14.8333333333333,0.0674157303370787
"416","7102","6819",2,2,0,22.1666666666667,23.8333333333333,23,0.0869565217391304
"417","7102","7079",1,1,0,22.1666666666667,29.8333333333333,26,0.0384615384615385
"418","7102","7083",1,1,0,22.1666666666667,18.1666666666667,20.1666666666667,0.0495867768595041
"419","7102","7110",1,1,0,22.1666666666667,18.3333333333333,20.25,0.0493827160493827
"420","7102","7117",2,1,1,22.1666666666667,32.6666666666667,27.4166666666667,0.0729483282674772
"421","7102","7175",3,1,2,22.1666666666667,26.5,24.3333333333333,0.123287671232877
"422","7102","7183",1,1,0,22.1666666666667,34.8333333333333,28.5,0.0350877192982456
"423","7102","7197",5,3,2,22.1666666666667,23.6666666666667,22.9166666666667,0.218181818181818
"424","7102","7200",7,6,1,22.1666666666667,18.1666666666667,20.1666666666667,0.347107438016529
"425","7103","6820",1,1,0,24.5,23.8333333333333,24.1666666666667,0.0413793103448276
"426","7103","7021",6,2,4,24.5,29,26.75,0.224299065420561
"427","7103","7073",3,2,1,24.5,22.5,23.5,0.127659574468085
"428","7103","7078",4,2,2,24.5,22,23.25,0.172043010752688
"429","7103","7084",1,1,0,24.5,21.8333333333333,23.1666666666667,0.0431654676258993
"430","7103","7136",12,6,6,24.5,29.1666666666667,26.8333333333333,0.447204968944099
"431","7103","7149",2,2,0,24.5,12.8333333333333,18.6666666666667,0.107142857142857
"432","7103","7166",2,1,1,24.5,35.8333333333333,30.1666666666667,0.0662983425414365
"433","7103","7170",1,1,0,24.5,24.8333333333333,24.6666666666667,0.0405405405405405
"434","7103","7194",5,1,4,24.5,27.1666666666667,25.8333333333333,0.193548387096774
"435","7107","6825",1,1,0,31,27,29,0.0344827586206897
"436","7107","6833",5,4,1,31,43,37,0.135135135135135
"437","7107","6938",1,1,0,31,24,27.5,0.0363636363636364
"438","7107","6993",5,2,3,31,27.1666666666667,29.0833333333333,0.171919770773639
"439","7107","7028",3,2,1,31,36,33.5,0.0895522388059701
"440","7107","7053",1,1,0,31,28.5,29.75,0.0336134453781513
"441","7107","7059",5,2,3,31,24.8333333333333,27.9166666666667,0.17910447761194
"442","7107","7060",4,3,1,31,24.8333333333333,27.9166666666667,0.143283582089552
"443","7107","7072",1,1,0,31,39.6666666666667,35.3333333333333,0.0283018867924528
"444","7107","7115",2,1,1,31,40.5,35.75,0.0559440559440559
"445","7107","7125",2,1,1,31,39.5,35.25,0.0567375886524823
"446","7107","7135",5,4,1,31,22.8333333333333,26.9166666666667,0.185758513931889
"447","7107","7166",1,1,0,31,35.8333333333333,33.4166666666667,0.0299251870324189
"448","7107","7171",3,1,2,31,39.8333333333333,35.4166666666667,0.0847058823529412
"449","7108","6846",2,2,0,6.83333333333333,29,17.9166666666667,0.111627906976744
"450","7108","7031",1,1,0,6.83333333333333,12.6666666666667,9.75,0.102564102564103
"451","7108","7053",3,3,0,6.83333333333333,28.5,17.6666666666667,0.169811320754717
"452","7110","6819",5,5,0,18.3333333333333,23.8333333333333,21.0833333333333,0.237154150197628
"453","7110","6911",1,1,0,18.3333333333333,23.3333333333333,20.8333333333333,0.048
"454","7110","7098",2,1,1,18.3333333333333,29.6666666666667,24,0.0833333333333333
"455","7110","7102",4,3,1,18.3333333333333,22.1666666666667,20.25,0.197530864197531
"456","7110","7175",5,1,4,18.3333333333333,26.5,22.4166666666667,0.223048327137546
"457","7110","7183",1,1,0,18.3333333333333,34.8333333333333,26.5833333333333,0.0376175548589342
"458","7110","7197",6,2,4,18.3333333333333,23.6666666666667,21,0.285714285714286
"459","7110","7200",3,3,0,18.3333333333333,18.1666666666667,18.25,0.164383561643836
"460","7114","6820",7,4,3,21.6666666666667,23.8333333333333,22.75,0.307692307692308
"461","7114","6937",2,1,1,21.6666666666667,18.8333333333333,20.25,0.0987654320987654
"462","7114","7078",1,1,0,21.6666666666667,22,21.8333333333333,0.0458015267175572
"463","7114","7080",8,6,2,21.6666666666667,21.6666666666667,21.6666666666667,0.369230769230769
"464","7114","7084",5,3,2,21.6666666666667,21.8333333333333,21.75,0.229885057471264
"465","7114","7098",3,1,2,21.6666666666667,29.6666666666667,25.6666666666667,0.116883116883117
"466","7114","7099",7,5,2,21.6666666666667,20,20.8333333333333,0.336
"467","7114","7138",1,1,0,21.6666666666667,31.8333333333333,26.75,0.0373831775700935
"468","7114","7149",2,2,0,21.6666666666667,12.8333333333333,17.25,0.115942028985507
"469","7114","7170",9,6,3,21.6666666666667,24.8333333333333,23.25,0.387096774193548
"470","7114","7192",2,2,0,21.6666666666667,24.6666666666667,23.1666666666667,0.0863309352517986
"471","7114","7194",1,1,0,21.6666666666667,27.1666666666667,24.4166666666667,0.0409556313993174
"472","7115","6818",6,5,1,40.5,32.3333333333333,36.4166666666667,0.164759725400458
"473","7115","6825",3,2,1,40.5,27,33.75,0.0888888888888889
"474","7115","6833",9,2,7,40.5,43,41.75,0.215568862275449
"475","7115","6838",5,2,3,40.5,37.8333333333333,39.1666666666667,0.127659574468085
"476","7115","6901",4,2,2,40.5,35.6666666666667,38.0833333333333,0.105032822757112
"477","7115","6936",1,1,0,40.5,25.8333333333333,33.1666666666667,0.0301507537688442
"478","7115","6993",1,1,0,40.5,27.1666666666667,33.8333333333333,0.0295566502463054
"479","7115","7028",1,1,0,40.5,36,38.25,0.0261437908496732
"480","7115","7072",11,5,6,40.5,39.6666666666667,40.0833333333333,0.274428274428274
"481","7115","7107",1,1,0,40.5,31,35.75,0.027972027972028
"482","7115","7125",9,5,4,40.5,39.5,40,0.225
"483","7115","7166",11,4,7,40.5,35.8333333333333,38.1666666666667,0.2882096069869
"484","7115","7171",8,6,2,40.5,39.8333333333333,40.1666666666667,0.199170124481328
"485","7117","6833",1,1,0,32.6666666666667,43,37.8333333333333,0.026431718061674
"486","7117","7040",11,6,5,32.6666666666667,36,34.3333333333333,0.320388349514563
"487","7117","7138",9,3,6,32.6666666666667,31.8333333333333,32.25,0.27906976744186
"488","7117","7183",16,7,9,32.6666666666667,34.8333333333333,33.75,0.474074074074074
"489","7125","6818",2,1,1,39.5,32.3333333333333,35.9166666666667,0.0556844547563805
"490","7125","6825",2,1,1,39.5,27,33.25,0.0601503759398496
"491","7125","6833",26,17,9,39.5,43,41.25,0.63030303030303
"492","7125","6838",4,3,1,39.5,37.8333333333333,38.6666666666667,0.103448275862069
"493","7125","6901",4,2,2,39.5,35.6666666666667,37.5833333333333,0.106430155210643
"494","7125","7028",2,1,1,39.5,36,37.75,0.0529801324503311
"495","7125","7072",12,2,10,39.5,39.6666666666667,39.5833333333333,0.303157894736842
"496","7125","7100",1,1,0,39.5,16.3333333333333,27.9166666666667,0.0358208955223881
"497","7125","7115",18,11,7,39.5,40.5,40,0.45
"498","7125","7140",2,1,1,39.5,19.6666666666667,29.5833333333333,0.0676056338028169
"499","7125","7166",17,9,8,39.5,35.8333333333333,37.6666666666667,0.451327433628319
"500","7125","7170",1,1,0,39.5,24.8333333333333,32.1666666666667,0.0310880829015544
"501","7125","7171",5,2,3,39.5,39.8333333333333,39.6666666666667,0.126050420168067
"502","7130","6905",1,1,0,8.66666666666667,8.5,8.58333333333333,0.116504854368932
"503","7130","7007",2,2,0,8.66666666666667,11,9.83333333333333,0.203389830508475
"504","7132","6837",7,5,2,24.8333333333333,11.5,18.1666666666667,0.385321100917431
"505","7132","6995",6,3,3,24.8333333333333,22.1666666666667,23.5,0.25531914893617
"506","7132","7065",7,4,3,24.8333333333333,20,22.4166666666667,0.312267657992565
"507","7132","7085",1,1,0,24.8333333333333,21.1666666666667,23,0.0434782608695652
"508","7132","7099",1,1,0,24.8333333333333,20,22.4166666666667,0.0446096654275093
"509","7132","7135",2,1,1,24.8333333333333,22.8333333333333,23.8333333333333,0.0839160839160839
"510","7132","7140",5,3,2,24.8333333333333,19.6666666666667,22.25,0.224719101123595
"511","7132","7141",9,5,4,24.8333333333333,21.8333333333333,23.3333333333333,0.385714285714286
"512","7132","7194",1,1,0,24.8333333333333,27.1666666666667,26,0.0384615384615385
"513","7132","7200",1,1,0,24.8333333333333,18.1666666666667,21.5,0.0465116279069767
"514","7135","6833",2,1,1,22.8333333333333,43,32.9166666666667,0.0607594936708861
"515","7135","6837",1,1,0,22.8333333333333,11.5,17.1666666666667,0.058252427184466
"516","7135","6993",4,2,2,22.8333333333333,27.1666666666667,25,0.16
"517","7135","7028",2,2,0,22.8333333333333,36,29.4166666666667,0.0679886685552408
"518","7135","7059",1,1,0,22.8333333333333,24.8333333333333,23.8333333333333,0.041958041958042
"519","7135","7060",2,1,1,22.8333333333333,24.8333333333333,23.8333333333333,0.0839160839160839
"520","7135","7065",2,1,1,22.8333333333333,20,21.4166666666667,0.0933852140077821
"521","7135","7079",1,1,0,22.8333333333333,29.8333333333333,26.3333333333333,0.0379746835443038
"522","7135","7107",8,4,4,22.8333333333333,31,26.9166666666667,0.297213622291022
"523","7135","7125",1,1,0,22.8333333333333,39.5,31.1666666666667,0.0320855614973262
"524","7135","7132",4,4,0,22.8333333333333,24.8333333333333,23.8333333333333,0.167832167832168
"525","7135","7166",1,1,0,22.8333333333333,35.8333333333333,29.3333333333333,0.0340909090909091
"526","7135","7171",2,1,1,22.8333333333333,39.8333333333333,31.3333333333333,0.0638297872340425
"527","7136","7073",1,1,0,29.1666666666667,22.5,25.8333333333333,0.0387096774193548
"528","7136","7078",7,6,1,29.1666666666667,22,25.5833333333333,0.273615635179153
"529","7136","7080",1,1,0,29.1666666666667,21.6666666666667,25.4166666666667,0.039344262295082
"530","7136","7103",6,4,2,29.1666666666667,24.5,26.8333333333333,0.22360248447205
"531","7136","7114",3,1,2,29.1666666666667,21.6666666666667,25.4166666666667,0.118032786885246
"532","7136","7194",6,3,3,29.1666666666667,27.1666666666667,28.1666666666667,0.21301775147929
"533","7138","7040",22,13,9,31.8333333333333,36,33.9166666666667,0.648648648648649
"534","7138","7098",1,1,0,31.8333333333333,29.6666666666667,30.75,0.032520325203252
"535","7138","7117",21,11,10,31.8333333333333,32.6666666666667,32.25,0.651162790697674
"536","7138","7183",9,3,6,31.8333333333333,34.8333333333333,33.3333333333333,0.27
"537","7140","6837",6,3,3,19.6666666666667,11.5,15.5833333333333,0.385026737967914
"538","7140","6838",1,1,0,19.6666666666667,37.8333333333333,28.75,0.0347826086956522
"539","7140","6846",1,1,0,19.6666666666667,29,24.3333333333333,0.0410958904109589
"540","7140","6995",2,1,1,19.6666666666667,22.1666666666667,20.9166666666667,0.0956175298804781
"541","7140","7065",11,10,1,19.6666666666667,20,19.8333333333333,0.554621848739496
"542","7140","7078",1,1,0,19.6666666666667,22,20.8333333333333,0.048
"543","7140","7085",2,2,0,19.6666666666667,21.1666666666667,20.4166666666667,0.0979591836734694
"544","7140","7099",1,1,0,19.6666666666667,20,19.8333333333333,0.0504201680672269
"545","7140","7141",7,4,3,19.6666666666667,21.8333333333333,20.75,0.337349397590361
"546","7141","6837",8,5,3,21.8333333333333,11.5,16.6666666666667,0.48
"547","7141","6995",2,1,1,21.8333333333333,22.1666666666667,22,0.0909090909090909
"548","7141","7065",4,4,0,21.8333333333333,20,20.9166666666667,0.191235059760956
"549","7141","7132",7,2,5,21.8333333333333,24.8333333333333,23.3333333333333,0.3
"550","7141","7140",14,6,8,21.8333333333333,19.6666666666667,20.75,0.674698795180723
"551","7149","6937",4,3,1,12.8333333333333,18.8333333333333,15.8333333333333,0.252631578947368
"552","7149","7083",3,1,2,12.8333333333333,18.1666666666667,15.5,0.193548387096774
"553","7149","7084",3,1,2,12.8333333333333,21.8333333333333,17.3333333333333,0.173076923076923
"554","7149","7098",1,1,0,12.8333333333333,29.6666666666667,21.25,0.0470588235294118
"555","7149","7192",4,2,2,12.8333333333333,24.6666666666667,18.75,0.213333333333333
"556","7166","6833",6,3,3,35.8333333333333,43,39.4166666666667,0.152219873150106
"557","7166","6838",3,3,0,35.8333333333333,37.8333333333333,36.8333333333333,0.081447963800905
"558","7166","6938",2,2,0,35.8333333333333,24,29.9166666666667,0.0668523676880223
"559","7166","6993",1,1,0,35.8333333333333,27.1666666666667,31.5,0.0317460317460317
"560","7166","7072",13,7,6,35.8333333333333,39.6666666666667,37.75,0.344370860927152
"561","7166","7107",1,1,0,35.8333333333333,31,33.4166666666667,0.0299251870324189
"562","7166","7115",11,5,6,35.8333333333333,40.5,38.1666666666667,0.2882096069869
"563","7166","7125",8,4,4,35.8333333333333,39.5,37.6666666666667,0.212389380530973
"564","7166","7171",4,1,3,35.8333333333333,39.8333333333333,37.8333333333333,0.105726872246696
"565","7167","6888",3,2,1,24.1666666666667,24.5,24.3333333333333,0.123287671232877
"566","7167","6911",1,1,0,24.1666666666667,23.3333333333333,23.75,0.0421052631578947
"567","7167","7027",4,3,1,24.1666666666667,26.5,25.3333333333333,0.157894736842105
"568","7167","7029",2,1,1,24.1666666666667,14.1666666666667,19.1666666666667,0.104347826086957
"569","7167","7038",4,2,2,24.1666666666667,22.5,23.3333333333333,0.171428571428571
"570","7167","7055",1,1,0,24.1666666666667,28.6666666666667,26.4166666666667,0.0378548895899054
"571","7167","7079",5,2,3,24.1666666666667,29.8333333333333,27,0.185185185185185
"572","7167","7169",4,1,3,24.1666666666667,24.3333333333333,24.25,0.164948453608247
"573","7169","6888",7,4,3,24.3333333333333,24.5,24.4166666666667,0.286689419795222
"574","7169","6911",1,1,0,24.3333333333333,23.3333333333333,23.8333333333333,0.041958041958042
"575","7169","7038",5,3,2,24.3333333333333,22.5,23.4166666666667,0.213523131672598
"576","7169","7079",3,1,2,24.3333333333333,29.8333333333333,27.0833333333333,0.110769230769231
"577","7169","7100",1,1,0,24.3333333333333,16.3333333333333,20.3333333333333,0.0491803278688525
"578","7169","7167",8,3,5,24.3333333333333,24.1666666666667,24.25,0.329896907216495
"579","7169","7197",2,2,0,24.3333333333333,23.6666666666667,24,0.0833333333333333
"580","7170","6820",5,4,1,24.8333333333333,23.8333333333333,24.3333333333333,0.205479452054795
"581","7170","7080",11,7,4,24.8333333333333,21.6666666666667,23.25,0.473118279569892
"582","7170","7083",3,1,2,24.8333333333333,18.1666666666667,21.5,0.13953488372093
"583","7170","7098",2,2,0,24.8333333333333,29.6666666666667,27.25,0.073394495412844
"584","7170","7099",7,4,3,24.8333333333333,20,22.4166666666667,0.312267657992565
"585","7170","7114",6,3,3,24.8333333333333,21.6666666666667,23.25,0.258064516129032
"586","7170","7140",5,2,3,24.8333333333333,19.6666666666667,22.25,0.224719101123595
"587","7170","7149",5,5,0,24.8333333333333,12.8333333333333,18.8333333333333,0.265486725663717
"588","7170","7192",2,1,1,24.8333333333333,24.6666666666667,24.75,0.0808080808080808
"589","7171","6818",2,1,1,39.8333333333333,32.3333333333333,36.0833333333333,0.0554272517321016
"590","7171","6833",4,3,1,39.8333333333333,43,41.4166666666667,0.096579476861167
"591","7171","6993",7,6,1,39.8333333333333,27.1666666666667,33.5,0.208955223880597
"592","7171","7059",8,3,5,39.8333333333333,24.8333333333333,32.3333333333333,0.247422680412371
"593","7171","7060",3,2,1,39.8333333333333,24.8333333333333,32.3333333333333,0.0927835051546392
"594","7171","7072",12,9,3,39.8333333333333,39.6666666666667,39.75,0.30188679245283
"595","7171","7079",1,1,0,39.8333333333333,29.8333333333333,34.8333333333333,0.0287081339712919
"596","7171","7107",4,3,1,39.8333333333333,31,35.4166666666667,0.112941176470588
"597","7171","7115",7,5,2,39.8333333333333,40.5,40.1666666666667,0.174273858921162
"598","7171","7125",7,3,4,39.8333333333333,39.5,39.6666666666667,0.176470588235294
"599","7171","7135",5,1,4,39.8333333333333,22.8333333333333,31.3333333333333,0.159574468085106
"600","7171","7166",13,8,5,39.8333333333333,35.8333333333333,37.8333333333333,0.343612334801762
"601","7175","6819",1,1,0,26.5,23.8333333333333,25.1666666666667,0.0397350993377483
"602","7175","7098",3,2,1,26.5,29.6666666666667,28.0833333333333,0.106824925816024
"603","7175","7102",2,1,1,26.5,22.1666666666667,24.3333333333333,0.0821917808219178
"604","7175","7110",4,1,3,26.5,18.3333333333333,22.4166666666667,0.178438661710037
"605","7175","7138",1,1,0,26.5,31.8333333333333,29.1666666666667,0.0342857142857143
"606","7175","7149",1,1,0,26.5,12.8333333333333,19.6666666666667,0.0508474576271186
"607","7175","7197",4,2,2,26.5,23.6666666666667,25.0833333333333,0.159468438538206
"608","7175","7199",1,1,0,26.5,9.16666666666667,17.8333333333333,0.0560747663551402
"609","7175","7200",7,6,1,26.5,18.1666666666667,22.3333333333333,0.313432835820895
"610","7183","7040",8,4,4,34.8333333333333,36,35.4166666666667,0.225882352941176
"611","7183","7053",1,1,0,34.8333333333333,28.5,31.6666666666667,0.0315789473684211
"612","7183","7079",1,1,0,34.8333333333333,29.8333333333333,32.3333333333333,0.0309278350515464
"613","7183","7110",1,1,0,34.8333333333333,18.3333333333333,26.5833333333333,0.0376175548589342
"614","7183","7114",1,1,0,34.8333333333333,21.6666666666667,28.25,0.0353982300884956
"615","7183","7117",12,4,8,34.8333333333333,32.6666666666667,33.75,0.355555555555556
"616","7183","7138",8,2,6,34.8333333333333,31.8333333333333,33.3333333333333,0.24
"617","7186","6862",2,1,1,13.3333333333333,10,11.6666666666667,0.171428571428571
"618","7186","7100",2,1,1,13.3333333333333,16.3333333333333,14.8333333333333,0.134831460674157
"619","7191","6938",1,1,0,7.66666666666667,24,15.8333333333333,0.0631578947368421
"620","7191","7029",2,2,0,7.66666666666667,14.1666666666667,10.9166666666667,0.183206106870229
"621","7191","7031",3,1,2,7.66666666666667,12.6666666666667,10.1666666666667,0.295081967213115
"622","7191","7056",2,2,0,7.66666666666667,8.16666666666667,7.91666666666667,0.252631578947368
"623","7191","7115",1,1,0,7.66666666666667,40.5,24.0833333333333,0.041522491349481
"624","7191","7202",5,3,2,7.66666666666667,5.5,6.58333333333333,0.759493670886076
"625","7192","6820",7,6,1,24.6666666666667,23.8333333333333,24.25,0.288659793814433
"626","7192","6937",2,2,0,24.6666666666667,18.8333333333333,21.75,0.0919540229885057
"627","7192","7084",2,1,1,24.6666666666667,21.8333333333333,23.25,0.0860215053763441
"628","7192","7098",2,2,0,24.6666666666667,29.6666666666667,27.1666666666667,0.0736196319018405
"629","7192","7114",4,2,2,24.6666666666667,21.6666666666667,23.1666666666667,0.172661870503597
"630","7192","7138",1,1,0,24.6666666666667,31.8333333333333,28.25,0.0353982300884956
"631","7192","7149",5,3,2,24.6666666666667,12.8333333333333,18.75,0.266666666666667
"632","7192","7183",1,1,0,24.6666666666667,34.8333333333333,29.75,0.0336134453781513
"633","7192","7199",4,4,0,24.6666666666667,9.16666666666667,16.9166666666667,0.236453201970443
"634","7193","6938",9,3,6,25.6666666666667,24,24.8333333333333,0.36241610738255
"635","7193","7029",2,2,0,25.6666666666667,14.1666666666667,19.9166666666667,0.100418410041841
"636","7193","7031",3,1,2,25.6666666666667,12.6666666666667,19.1666666666667,0.156521739130435
"637","7193","7055",4,3,1,25.6666666666667,28.6666666666667,27.1666666666667,0.147239263803681
"638","7193","7202",6,5,1,25.6666666666667,5.5,15.5833333333333,0.385026737967914
"639","7194","6905",1,1,0,27.1666666666667,8.5,17.8333333333333,0.0560747663551402
"640","7194","7021",4,2,2,27.1666666666667,29,28.0833333333333,0.142433234421365
"641","7194","7073",2,1,1,27.1666666666667,22.5,24.8333333333333,0.0805369127516778
"642","7194","7078",7,4,3,27.1666666666667,22,24.5833333333333,0.284745762711864
"643","7194","7103",6,4,2,27.1666666666667,24.5,25.8333333333333,0.232258064516129
"644","7194","7114",1,1,0,27.1666666666667,21.6666666666667,24.4166666666667,0.0409556313993174
"645","7194","7132",1,1,0,27.1666666666667,24.8333333333333,26,0.0384615384615385
"646","7194","7136",5,5,0,27.1666666666667,29.1666666666667,28.1666666666667,0.177514792899408
"647","7194","7166",1,1,0,27.1666666666667,35.8333333333333,31.5,0.0317460317460317
"648","7197","6819",3,3,0,23.6666666666667,23.8333333333333,23.75,0.126315789473684
"649","7197","7029",1,1,0,23.6666666666667,14.1666666666667,18.9166666666667,0.052863436123348
"650","7197","7083",2,1,1,23.6666666666667,18.1666666666667,20.9166666666667,0.0956175298804781
"651","7197","7098",5,4,1,23.6666666666667,29.6666666666667,26.6666666666667,0.1875
"652","7197","7102",8,7,1,23.6666666666667,22.1666666666667,22.9166666666667,0.349090909090909
"653","7197","7167",1,1,0,23.6666666666667,24.1666666666667,23.9166666666667,0.0418118466898955
"654","7197","7169",1,1,0,23.6666666666667,24.3333333333333,24,0.0416666666666667
"655","7197","7175",7,5,2,23.6666666666667,26.5,25.0833333333333,0.27906976744186
"656","7197","7200",9,5,4,23.6666666666667,18.1666666666667,20.9166666666667,0.430278884462151
"657","7198","6814",2,1,1,7.16666666666667,15.1666666666667,11.1666666666667,0.17910447761194
"658","7199","6820",2,1,1,9.16666666666667,23.8333333333333,16.5,0.121212121212121
"659","7199","7083",1,1,0,9.16666666666667,18.1666666666667,13.6666666666667,0.0731707317073171
"660","7199","7098",1,1,0,9.16666666666667,29.6666666666667,19.4166666666667,0.0515021459227468
"661","7199","7099",2,2,0,9.16666666666667,20,14.5833333333333,0.137142857142857
"662","7199","7114",1,1,0,9.16666666666667,21.6666666666667,15.4166666666667,0.0648648648648649
"663","7199","7170",1,1,0,9.16666666666667,24.8333333333333,17,0.0588235294117647
"664","7199","7192",5,3,2,9.16666666666667,24.6666666666667,16.9166666666667,0.295566502463054
"665","7200","6819",8,8,0,18.1666666666667,23.8333333333333,21,0.380952380952381
"666","7200","7098",4,1,3,18.1666666666667,29.6666666666667,23.9166666666667,0.167247386759582
"667","7200","7099",2,1,1,18.1666666666667,20,19.0833333333333,0.104803493449782
"668","7200","7102",2,2,0,18.1666666666667,22.1666666666667,20.1666666666667,0.0991735537190083
"669","7200","7110",2,2,0,18.1666666666667,18.3333333333333,18.25,0.10958904109589
"670","7200","7175",5,4,1,18.1666666666667,26.5,22.3333333333333,0.223880597014925
"671","7200","7197",3,2,1,18.1666666666667,23.6666666666667,20.9166666666667,0.143426294820717
"672","7202","6938",1,1,0,5.5,24,14.75,0.0677966101694915
"673","7202","7029",1,1,0,5.5,14.1666666666667,9.83333333333333,0.101694915254237
"674","7202","7031",2,1,1,5.5,12.6666666666667,9.08333333333333,0.220183486238532
"675","7202","7056",1,1,0,5.5,8.16666666666667,6.83333333333333,0.146341463414634
"676","7202","7193",4,3,1,5.5,25.6666666666667,15.5833333333333,0.25668449197861
"677","6818","7028",1,0,1,32.3333333333333,36,34.1666666666667,0.0292682926829268
"678","6818","7072",1,0,1,32.3333333333333,39.6666666666667,36,0.0277777777777778
"679","6819","7099",2,0,2,23.8333333333333,20,21.9166666666667,0.091254752851711
"680","6819","7199",2,0,2,23.8333333333333,9.16666666666667,16.5,0.121212121212121
"681","6820","7149",2,0,2,23.8333333333333,12.8333333333333,18.3333333333333,0.109090909090909
"682","6820","7200",1,0,1,23.8333333333333,18.1666666666667,21,0.0476190476190476
"683","6825","6833",2,0,2,27,43,35,0.0571428571428571
"684","6825","6993",1,0,1,27,27.1666666666667,27.0833333333333,0.0369230769230769
"685","6833","7028",1,0,1,43,36,39.5,0.0253164556962025
"686","6833","7191",1,0,1,43,7.66666666666667,25.3333333333333,0.0394736842105263
"687","6838","7059",1,0,1,37.8333333333333,24.8333333333333,31.3333333333333,0.0319148936170213
"688","6846","7140",1,0,1,29,19.6666666666667,24.3333333333333,0.0410958904109589
"689","6888","6937",1,0,1,24.5,18.8333333333333,21.6666666666667,0.0461538461538462
"690","6888","7079",2,0,2,24.5,29.8333333333333,27.1666666666667,0.0736196319018405
"691","6888","7140",1,0,1,24.5,19.6666666666667,22.0833333333333,0.0452830188679245
"692","6901","7059",1,0,1,35.6666666666667,24.8333333333333,30.25,0.0330578512396694
"693","6901","7171",1,0,1,35.6666666666667,39.8333333333333,37.75,0.0264900662251656
"694","6901","7175",1,0,1,35.6666666666667,26.5,31.0833333333333,0.032171581769437
"695","6911","7079",1,0,1,23.3333333333333,29.8333333333333,26.5833333333333,0.0376175548589342
"696","6911","7167",2,0,2,23.3333333333333,24.1666666666667,23.75,0.0842105263157895
"697","6911","7186",1,0,1,23.3333333333333,13.3333333333333,18.3333333333333,0.0545454545454545
"698","6929","7088",2,0,2,27.5,23.6666666666667,25.5833333333333,0.0781758957654723
"699","6929","7108",1,0,1,27.5,6.83333333333333,17.1666666666667,0.058252427184466
"700","6929","7115",1,0,1,27.5,40.5,34,0.0294117647058824
"701","6936","7007",1,0,1,25.8333333333333,11,18.4166666666667,0.0542986425339367
"702","6936","7095",4,0,4,25.8333333333333,12.3333333333333,19.0833333333333,0.209606986899563
"703","6938","6838",1,0,1,24,37.8333333333333,30.9166666666667,0.032345013477089
"704","6938","7107",1,0,1,24,31,27.5,0.0363636363636364
"705","6993","7028",3,0,3,27.1666666666667,36,31.5833333333333,0.0949868073878628
"706","6993","7125",1,0,1,27.1666666666667,39.5,33.3333333333333,0.03
"707","6993","7171",2,0,2,27.1666666666667,39.8333333333333,33.5,0.0597014925373134
"708","7007","6905",2,0,2,11,8.5,9.75,0.205128205128205
"709","7007","7010",2,0,2,11,25.1666666666667,18.0833333333333,0.110599078341014
"710","7010","7007",1,0,1,25.1666666666667,11,18.0833333333333,0.0552995391705069
"711","7016","7084",1,0,1,14.1666666666667,21.8333333333333,18,0.0555555555555556
"712","7021","6862",1,0,1,29,10,19.5,0.0512820512820513
"713","7021","7099",1,0,1,29,20,24.5,0.0408163265306122
"714","7021","7132",1,0,1,29,24.8333333333333,26.9166666666667,0.0371517027863777
"715","7021","7175",1,0,1,29,26.5,27.75,0.036036036036036
"716","7025","7047",1,0,1,0.833333333333333,2.83333333333333,1.83333333333333,0.545454545454545
"717","7025","7064",1,0,1,0.833333333333333,4.83333333333333,2.83333333333333,0.352941176470588
"718","7028","6833",2,0,2,36,43,39.5,0.0506329113924051
"719","7028","7072",3,0,3,36,39.6666666666667,37.8333333333333,0.079295154185022
"720","7028","7166",1,0,1,36,35.8333333333333,35.9166666666667,0.0278422273781903
"721","7029","7167",1,0,1,14.1666666666667,24.1666666666667,19.1666666666667,0.0521739130434783
"722","7032","7047",1,0,1,6,2.83333333333333,4.41666666666667,0.226415094339623
"723","7033","7038",1,0,1,32.5,22.5,27.5,0.0363636363636364
"724","7038","7167",3,0,3,22.5,24.1666666666667,23.3333333333333,0.128571428571429
"725","7047","6846",1,0,1,2.83333333333333,29,15.9166666666667,0.06282722513089
"726","7047","7045",1,0,1,2.83333333333333,18.8333333333333,10.8333333333333,0.0923076923076923
"727","7047","7053",1,0,1,2.83333333333333,28.5,15.6666666666667,0.0638297872340426
"728","7053","6833",1,0,1,28.5,43,35.75,0.027972027972028
"729","7053","7072",1,0,1,28.5,39.6666666666667,34.0833333333333,0.0293398533007335
"730","7055","7045",1,0,1,28.6666666666667,18.8333333333333,23.75,0.0421052631578947
"731","7055","7107",1,0,1,28.6666666666667,31,29.8333333333333,0.0335195530726257
"732","7055","7115",1,0,1,28.6666666666667,40.5,34.5833333333333,0.0289156626506024
"733","7055","7166",1,0,1,28.6666666666667,35.8333333333333,32.25,0.0310077519379845
"734","7056","7149",1,0,1,8.16666666666667,12.8333333333333,10.5,0.0952380952380952
"735","7056","7166",1,0,1,8.16666666666667,35.8333333333333,22,0.0454545454545455
"736","7056","7192",1,0,1,8.16666666666667,24.6666666666667,16.4166666666667,0.0609137055837563
"737","7059","7073",1,0,1,24.8333333333333,22.5,23.6666666666667,0.0422535211267606
"738","7059","7135",2,0,2,24.8333333333333,22.8333333333333,23.8333333333333,0.0839160839160839
"739","7059","7193",1,0,1,24.8333333333333,25.6666666666667,25.25,0.0396039603960396
"740","7060","7028",3,0,3,24.8333333333333,36,30.4166666666667,0.0986301369863014
"741","7064","7055",1,0,1,4.83333333333333,28.6666666666667,16.75,0.0597014925373134
"742","7064","7059",1,0,1,4.83333333333333,24.8333333333333,14.8333333333333,0.0674157303370787
"743","7064","7079",1,0,1,4.83333333333333,29.8333333333333,17.3333333333333,0.0576923076923077
"744","7065","7135",1,0,1,20,22.8333333333333,21.4166666666667,0.0466926070038911
"745","7065","7183",1,0,1,20,34.8333333333333,27.4166666666667,0.0364741641337386
"746","7072","6993",1,0,1,39.6666666666667,27.1666666666667,33.4166666666667,0.029925187032419
"747","7072","7059",1,0,1,39.6666666666667,24.8333333333333,32.25,0.0310077519379845
"748","7072","7060",1,0,1,39.6666666666667,24.8333333333333,32.25,0.0310077519379845
"749","7072","7073",1,0,1,39.6666666666667,22.5,31.0833333333333,0.032171581769437
"750","7072","7107",1,0,1,39.6666666666667,31,35.3333333333333,0.0283018867924528
"751","7073","6833",1,0,1,22.5,43,32.75,0.0305343511450382
"752","7073","6846",2,0,2,22.5,29,25.75,0.0776699029126214
"753","7073","7088",1,0,1,22.5,23.6666666666667,23.0833333333333,0.0433212996389892
"754","7078","7064",1,0,1,22,4.83333333333333,13.4166666666667,0.0745341614906832
"755","7078","7073",1,0,1,22,22.5,22.25,0.0449438202247191
"756","7078","7084",1,0,1,22,21.8333333333333,21.9166666666667,0.0456273764258555
"757","7078","7140",1,0,1,22,19.6666666666667,20.8333333333333,0.048
"758","7079","7033",2,0,2,29.8333333333333,32.5,31.1666666666667,0.0641711229946524
"759","7080","7098",1,0,1,21.6666666666667,29.6666666666667,25.6666666666667,0.038961038961039
"760","7080","7167",1,0,1,21.6666666666667,24.1666666666667,22.9166666666667,0.0436363636363636
"761","7080","7194",1,0,1,21.6666666666667,27.1666666666667,24.4166666666667,0.0409556313993174
"762","7083","7084",2,0,2,18.1666666666667,21.8333333333333,20,0.1
"763","7083","7099",1,0,1,18.1666666666667,20,19.0833333333333,0.0524017467248908
"764","7083","7197",1,0,1,18.1666666666667,23.6666666666667,20.9166666666667,0.047808764940239
"765","7084","7103",1,0,1,21.8333333333333,24.5,23.1666666666667,0.0431654676258993
"766","7084","7197",1,0,1,21.8333333333333,23.6666666666667,22.75,0.043956043956044
"767","7084","7200",1,0,1,21.8333333333333,18.1666666666667,20,0.05
"768","7085","7060",1,0,1,21.1666666666667,24.8333333333333,23,0.0434782608695652
"769","7088","7073",1,0,1,23.6666666666667,22.5,23.0833333333333,0.0433212996389892
"770","7088","7183",1,0,1,23.6666666666667,34.8333333333333,29.25,0.0341880341880342
"771","7091","7088",1,0,1,3.33333333333333,23.6666666666667,13.5,0.0740740740740741
"772","7095","6814",1,0,1,12.3333333333333,15.1666666666667,13.75,0.0727272727272727
"773","7095","7088",1,0,1,12.3333333333333,23.6666666666667,18,0.0555555555555556
"774","7098","6819",1,0,1,29.6666666666667,23.8333333333333,26.75,0.0373831775700935
"775","7098","7199",1,0,1,29.6666666666667,9.16666666666667,19.4166666666667,0.0515021459227468
"776","7099","7083",2,0,2,20,18.1666666666667,19.0833333333333,0.104803493449782
"777","7099","7102",1,0,1,20,22.1666666666667,21.0833333333333,0.0474308300395257
"778","7099","7170",1,0,1,20,24.8333333333333,22.4166666666667,0.0446096654275093
"779","7099","7200",1,0,1,20,18.1666666666667,19.0833333333333,0.0524017467248908
"780","7102","7027",1,0,1,22.1666666666667,26.5,24.3333333333333,0.0410958904109589
"781","7102","7099",1,0,1,22.1666666666667,20,21.0833333333333,0.0474308300395257
"782","7102","7167",1,0,1,22.1666666666667,24.1666666666667,23.1666666666667,0.0431654676258993
"783","7107","6838",1,0,1,31,37.8333333333333,34.4166666666667,0.0290556900726392
"784","7110","7099",1,0,1,18.3333333333333,20,19.1666666666667,0.0521739130434783
"785","7114","7199",1,0,1,21.6666666666667,9.16666666666667,15.4166666666667,0.0648648648648649
"786","7115","6938",1,0,1,40.5,24,32.25,0.0310077519379845
"787","7115","7135",1,0,1,40.5,22.8333333333333,31.6666666666667,0.0315789473684211
"788","7115","7193",2,0,2,40.5,25.6666666666667,33.0833333333333,0.0604534005037783
"789","7117","7115",1,0,1,32.6666666666667,40.5,36.5833333333333,0.0273348519362187
"790","7117","7194",1,0,1,32.6666666666667,27.1666666666667,29.9166666666667,0.0334261838440111
"791","7125","7053",1,0,1,39.5,28.5,34,0.0294117647058824
"792","7125","7055",1,0,1,39.5,28.6666666666667,34.0833333333333,0.0293398533007335
"793","7125","7073",1,0,1,39.5,22.5,31,0.032258064516129
"794","7125","7107",1,0,1,39.5,31,35.25,0.0283687943262411
"795","7130","6846",1,0,1,8.66666666666667,29,18.8333333333333,0.0530973451327434
"796","7132","7060",1,0,1,24.8333333333333,24.8333333333333,24.8333333333333,0.0402684563758389
"797","7132","7110",1,0,1,24.8333333333333,18.3333333333333,21.5833333333333,0.0463320463320463
"798","7135","6995",1,0,1,22.8333333333333,22.1666666666667,22.5,0.0444444444444444
"799","7135","7140",1,0,1,22.8333333333333,19.6666666666667,21.25,0.0470588235294118
"800","7135","7183",1,0,1,22.8333333333333,34.8333333333333,28.8333333333333,0.0346820809248555
"801","7136","6820",1,0,1,29.1666666666667,23.8333333333333,26.5,0.0377358490566038
"802","7136","7021",7,0,7,29.1666666666667,29,29.0833333333333,0.240687679083095
"803","7136","7102",1,0,1,29.1666666666667,22.1666666666667,25.6666666666667,0.038961038961039
"804","7138","7021",1,0,1,31.8333333333333,29,30.4166666666667,0.0328767123287671
"805","7138","7065",1,0,1,31.8333333333333,20,25.9166666666667,0.0385852090032154
"806","7138","7103",1,0,1,31.8333333333333,24.5,28.1666666666667,0.0355029585798817
"807","7140","7132",1,0,1,19.6666666666667,24.8333333333333,22.25,0.0449438202247191
"808","7140","7135",1,0,1,19.6666666666667,22.8333333333333,21.25,0.0470588235294118
"809","7141","7078",1,0,1,21.8333333333333,22,21.9166666666667,0.0456273764258555
"810","7149","6819",1,0,1,12.8333333333333,23.8333333333333,18.3333333333333,0.0545454545454545
"811","7149","6820",1,0,1,12.8333333333333,23.8333333333333,18.3333333333333,0.0545454545454545
"812","7149","7170",1,0,1,12.8333333333333,24.8333333333333,18.8333333333333,0.0530973451327434
"813","7149","7199",1,0,1,12.8333333333333,9.16666666666667,11,0.0909090909090909
"814","7166","6825",2,0,2,35.8333333333333,27,31.4166666666667,0.0636604774535809
"815","7166","6901",1,0,1,35.8333333333333,35.6666666666667,35.75,0.027972027972028
"816","7166","7059",1,0,1,35.8333333333333,24.8333333333333,30.3333333333333,0.032967032967033
"817","7167","7033",4,0,4,24.1666666666667,32.5,28.3333333333333,0.141176470588235
"818","7169","6820",1,0,1,24.3333333333333,23.8333333333333,24.0833333333333,0.041522491349481
"819","7169","7027",3,0,3,24.3333333333333,26.5,25.4166666666667,0.118032786885246
"820","7169","7033",2,0,2,24.3333333333333,32.5,28.4166666666667,0.0703812316715543
"821","7169","7107",1,0,1,24.3333333333333,31,27.6666666666667,0.036144578313253
"822","7169","7117",1,0,1,24.3333333333333,32.6666666666667,28.5,0.0350877192982456
"823","7169","7135",1,0,1,24.3333333333333,22.8333333333333,23.5833333333333,0.0424028268551237
"824","7170","6818",1,0,1,24.8333333333333,32.3333333333333,28.5833333333333,0.0349854227405248
"825","7170","6937",1,0,1,24.8333333333333,18.8333333333333,21.8333333333333,0.0458015267175573
"826","7170","7084",3,0,3,24.8333333333333,21.8333333333333,23.3333333333333,0.128571428571429
"827","7171","6825",2,0,2,39.8333333333333,27,33.4166666666667,0.0598503740648379
"828","7171","6838",1,0,1,39.8333333333333,37.8333333333333,38.8333333333333,0.0257510729613734
"829","7171","6938",1,0,1,39.8333333333333,24,31.9166666666667,0.031331592689295
"830","7171","7028",2,0,2,39.8333333333333,36,37.9166666666667,0.0527472527472527
"831","7171","7140",1,0,1,39.8333333333333,19.6666666666667,29.75,0.0336134453781513
"832","7171","7170",1,0,1,39.8333333333333,24.8333333333333,32.3333333333333,0.0309278350515464
"833","7175","6862",1,0,1,26.5,10,18.25,0.0547945205479452
"834","7175","7099",1,0,1,26.5,20,23.25,0.043010752688172
"835","7175","7114",1,0,1,26.5,21.6666666666667,24.0833333333333,0.041522491349481
"836","7183","6929",1,0,1,34.8333333333333,27.5,31.1666666666667,0.0320855614973262
"837","7183","7136",1,0,1,34.8333333333333,29.1666666666667,32,0.03125
"838","7191","7193",1,0,1,7.66666666666667,25.6666666666667,16.6666666666667,0.06
"839","7192","6995",1,0,1,24.6666666666667,22.1666666666667,23.4166666666667,0.0427046263345196
"840","7192","7170",1,0,1,24.6666666666667,24.8333333333333,24.75,0.0404040404040404
"841","7192","7200",1,0,1,24.6666666666667,18.1666666666667,21.4166666666667,0.0466926070038911
"842","7193","7028",2,0,2,25.6666666666667,36,30.8333333333333,0.0648648648648649
"843","7193","7171",1,0,1,25.6666666666667,39.8333333333333,32.75,0.0305343511450382
"844","7193","7191",1,0,1,25.6666666666667,7.66666666666667,16.6666666666667,0.06
"845","7194","6937",1,0,1,27.1666666666667,18.8333333333333,23,0.0434782608695652
"846","7194","7138",1,0,1,27.1666666666667,31.8333333333333,29.5,0.0338983050847458
"847","7197","7110",2,0,2,23.6666666666667,18.3333333333333,21,0.0952380952380952
"848","7197","7135",1,0,1,23.6666666666667,22.8333333333333,23.25,0.043010752688172
"849","7198","7095",3,0,3,7.16666666666667,12.3333333333333,9.75,0.307692307692308
"850","7198","7196",1,0,1,7.16666666666667,2.33333333333333,4.75,0.210526315789474
"851","7199","6905",1,0,1,9.16666666666667,8.5,8.83333333333333,0.113207547169811
"852","7199","7016",1,0,1,9.16666666666667,14.1666666666667,11.6666666666667,0.0857142857142857
"853","7199","7080",1,0,1,9.16666666666667,21.6666666666667,15.4166666666667,0.0648648648648649
"854","7199","7084",1,0,1,9.16666666666667,21.8333333333333,15.5,0.0645161290322581
"855","7199","7149",1,0,1,9.16666666666667,12.8333333333333,11,0.0909090909090909
"856","7200","7192",1,0,1,18.1666666666667,24.6666666666667,21.4166666666667,0.0466926070038911
"857","7202","7055",1,0,1,5.5,28.6666666666667,17.0833333333333,0.0585365853658536
"858","7202","7191",2,0,2,5.5,7.66666666666667,6.58333333333333,0.30379746835443
